recordType,name,email,bio,description,rating,time,type,text,date,topic,tasks,title,isCompleted,dueDate,userId,courseId,specializationId,weekId
user,User 1,user1@example.com,,,,,,,,,,,,,,,,
user,User 2,user2@example.com,,,,,,,,,,,,,,,,
user,User 3,user3@example.com,,,,,,,,,,,,,,,,
user,User 4,user4@example.com,,,,,,,,,,,,,,,,
user,User 5,user5@example.com,,,,,,,,,,,,,,,,
user,User 6,user6@example.com,,,,,,,,,,,,,,,,
user,User 7,user7@example.com,,,,,,,,,,,,,,,,
user,User 8,user8@example.com,,,,,,,,,,,,,,,,
user,User 9,user9@example.com,,,,,,,,,,,,,,,,
user,User 10,user10@example.com,,,,,,,,,,,,,,,,
user,User 11,user11@example.com,,,,,,,,,,,,,,,,
user,User 12,user12@example.com,,,,,,,,,,,,,,,,
user,User 13,user13@example.com,,,,,,,,,,,,,,,,
user,User 14,user14@example.com,,,,,,,,,,,,,,,,
user,User 15,user15@example.com,,,,,,,,,,,,,,,,
user,User 16,user16@example.com,,,,,,,,,,,,,,,,
user,User 17,user17@example.com,,,,,,,,,,,,,,,,
user,User 18,user18@example.com,,,,,,,,,,,,,,,,
user,User 19,user19@example.com,,,,,,,,,,,,,,,,
user,User 20,user20@example.com,,,,,,,,,,,,,,,,
user,User 21,user21@example.com,,,,,,,,,,,,,,,,
user,User 22,user22@example.com,,,,,,,,,,,,,,,,
user,User 23,user23@example.com,,,,,,,,,,,,,,,,
user,User 24,user24@example.com,,,,,,,,,,,,,,,,
user,User 25,user25@example.com,,,,,,,,,,,,,,,,
user,User 26,user26@example.com,,,,,,,,,,,,,,,,
user,User 27,user27@example.com,,,,,,,,,,,,,,,,
user,User 28,user28@example.com,,,,,,,,,,,,,,,,
user,User 29,user29@example.com,,,,,,,,,,,,,,,,
user,User 30,user30@example.com,,,,,,,,,,,,,,,,
user,User 31,user31@example.com,,,,,,,,,,,,,,,,
user,User 32,user32@example.com,,,,,,,,,,,,,,,,
user,User 33,user33@example.com,,,,,,,,,,,,,,,,
user,User 34,user34@example.com,,,,,,,,,,,,,,,,
user,User 35,user35@example.com,,,,,,,,,,,,,,,,
user,User 36,user36@example.com,,,,,,,,,,,,,,,,
user,User 37,user37@example.com,,,,,,,,,,,,,,,,
user,User 38,user38@example.com,,,,,,,,,,,,,,,,
user,User 39,user39@example.com,,,,,,,,,,,,,,,,
user,User 40,user40@example.com,,,,,,,,,,,,,,,,
user,User 41,user41@example.com,,,,,,,,,,,,,,,,
user,User 42,user42@example.com,,,,,,,,,,,,,,,,
user,User 43,user43@example.com,,,,,,,,,,,,,,,,
user,User 44,user44@example.com,,,,,,,,,,,,,,,,
user,User 45,user45@example.com,,,,,,,,,,,,,,,,
user,User 46,user46@example.com,,,,,,,,,,,,,,,,
user,User 47,user47@example.com,,,,,,,,,,,,,,,,
user,User 48,user48@example.com,,,,,,,,,,,,,,,,
user,User 49,user49@example.com,,,,,,,,,,,,,,,,
user,User 50,user50@example.com,,,,,,,,,,,,,,,,
instructor,Instructor 1,,This is the bio for instructor 1,,4.1,,,,,,,,,,,,,
instructor,Instructor 2,,This is the bio for instructor 2,,0.2,,,,,,,,,,,,,
instructor,Instructor 3,,This is the bio for instructor 3,,2.0,,,,,,,,,,,,,
instructor,Instructor 4,,This is the bio for instructor 4,,3.8,,,,,,,,,,,,,
instructor,Instructor 5,,This is the bio for instructor 5,,1.4,,,,,,,,,,,,,
instructor,Instructor 6,,This is the bio for instructor 6,,3.5,,,,,,,,,,,,,
instructor,Instructor 7,,This is the bio for instructor 7,,5.0,,,,,,,,,,,,,
instructor,Instructor 8,,This is the bio for instructor 8,,3.6,,,,,,,,,,,,,
instructor,Instructor 9,,This is the bio for instructor 9,,4.7,,,,,,,,,,,,,
instructor,Instructor 10,,This is the bio for instructor 10,,0.6,,,,,,,,,,,,,
instructor,Instructor 11,,This is the bio for instructor 11,,0.7,,,,,,,,,,,,,
instructor,Instructor 12,,This is the bio for instructor 12,,2.5,,,,,,,,,,,,,
instructor,Instructor 13,,This is the bio for instructor 13,,3.6,,,,,,,,,,,,,
instructor,Instructor 14,,This is the bio for instructor 14,,4.8,,,,,,,,,,,,,
instructor,Instructor 15,,This is the bio for instructor 15,,0.9,,,,,,,,,,,,,
instructor,Instructor 16,,This is the bio for instructor 16,,4.7,,,,,,,,,,,,,
instructor,Instructor 17,,This is the bio for instructor 17,,1.1,,,,,,,,,,,,,
instructor,Instructor 18,,This is the bio for instructor 18,,1.5,,,,,,,,,,,,,
instructor,Instructor 19,,This is the bio for instructor 19,,1.4,,,,,,,,,,,,,
instructor,Instructor 20,,This is the bio for instructor 20,,0.5,,,,,,,,,,,,,
instructor,Instructor 21,,This is the bio for instructor 21,,1.5,,,,,,,,,,,,,
instructor,Instructor 22,,This is the bio for instructor 22,,2.8,,,,,,,,,,,,,
instructor,Instructor 23,,This is the bio for instructor 23,,1.3,,,,,,,,,,,,,
instructor,Instructor 24,,This is the bio for instructor 24,,1.1,,,,,,,,,,,,,
instructor,Instructor 25,,This is the bio for instructor 25,,3.8,,,,,,,,,,,,,
instructor,Instructor 26,,This is the bio for instructor 26,,3.1,,,,,,,,,,,,,
instructor,Instructor 27,,This is the bio for instructor 27,,4.9,,,,,,,,,,,,,
instructor,Instructor 28,,This is the bio for instructor 28,,1.8,,,,,,,,,,,,,
instructor,Instructor 29,,This is the bio for instructor 29,,3.5,,,,,,,,,,,,,
instructor,Instructor 30,,This is the bio for instructor 30,,0.6,,,,,,,,,,,,,
instructor,Instructor 31,,This is the bio for instructor 31,,2.1,,,,,,,,,,,,,
instructor,Instructor 32,,This is the bio for instructor 32,,4.2,,,,,,,,,,,,,
instructor,Instructor 33,,This is the bio for instructor 33,,0.8,,,,,,,,,,,,,
instructor,Instructor 34,,This is the bio for instructor 34,,3.5,,,,,,,,,,,,,
instructor,Instructor 35,,This is the bio for instructor 35,,2.1,,,,,,,,,,,,,
instructor,Instructor 36,,This is the bio for instructor 36,,1.4,,,,,,,,,,,,,
instructor,Instructor 37,,This is the bio for instructor 37,,1.1,,,,,,,,,,,,,
instructor,Instructor 38,,This is the bio for instructor 38,,4.8,,,,,,,,,,,,,
instructor,Instructor 39,,This is the bio for instructor 39,,0.5,,,,,,,,,,,,,
instructor,Instructor 40,,This is the bio for instructor 40,,4.9,,,,,,,,,,,,,
instructor,Instructor 41,,This is the bio for instructor 41,,3.2,,,,,,,,,,,,,
instructor,Instructor 42,,This is the bio for instructor 42,,4.8,,,,,,,,,,,,,
instructor,Instructor 43,,This is the bio for instructor 43,,0.1,,,,,,,,,,,,,
instructor,Instructor 44,,This is the bio for instructor 44,,2.4,,,,,,,,,,,,,
instructor,Instructor 45,,This is the bio for instructor 45,,3.8,,,,,,,,,,,,,
instructor,Instructor 46,,This is the bio for instructor 46,,4.6,,,,,,,,,,,,,
instructor,Instructor 47,,This is the bio for instructor 47,,4.5,,,,,,,,,,,,,
instructor,Instructor 48,,This is the bio for instructor 48,,2.2,,,,,,,,,,,,,
instructor,Instructor 49,,This is the bio for instructor 49,,3.0,,,,,,,,,,,,,
instructor,Instructor 50,,This is the bio for instructor 50,,4.3,,,,,,,,,,,,,
specialization,Specialization 1,,,Description for specialization 1,,,,,,,,,,,,,1,
specialization,Specialization 2,,,Description for specialization 2,,,,,,,,,,,,,2,
specialization,Specialization 3,,,Description for specialization 3,,,,,,,,,,,,,3,
specialization,Specialization 4,,,Description for specialization 4,,,,,,,,,,,,,4,
specialization,Specialization 5,,,Description for specialization 5,,,,,,,,,,,,,5,
specialization,Specialization 6,,,Description for specialization 6,,,,,,,,,,,,,6,
specialization,Specialization 7,,,Description for specialization 7,,,,,,,,,,,,,7,
specialization,Specialization 8,,,Description for specialization 8,,,,,,,,,,,,,8,
specialization,Specialization 9,,,Description for specialization 9,,,,,,,,,,,,,9,
specialization,Specialization 10,,,Description for specialization 10,,,,,,,,,,,,,10,
specialization,Specialization 11,,,Description for specialization 11,,,,,,,,,,,,,11,
specialization,Specialization 12,,,Description for specialization 12,,,,,,,,,,,,,12,
specialization,Specialization 13,,,Description for specialization 13,,,,,,,,,,,,,13,
specialization,Specialization 14,,,Description for specialization 14,,,,,,,,,,,,,14,
specialization,Specialization 15,,,Description for specialization 15,,,,,,,,,,,,,15,
specialization,Specialization 16,,,Description for specialization 16,,,,,,,,,,,,,16,
specialization,Specialization 17,,,Description for specialization 17,,,,,,,,,,,,,17,
specialization,Specialization 18,,,Description for specialization 18,,,,,,,,,,,,,18,
specialization,Specialization 19,,,Description for specialization 19,,,,,,,,,,,,,19,
specialization,Specialization 20,,,Description for specialization 20,,,,,,,,,,,,,20,
specialization,Specialization 21,,,Description for specialization 21,,,,,,,,,,,,,21,
specialization,Specialization 22,,,Description for specialization 22,,,,,,,,,,,,,22,
specialization,Specialization 23,,,Description for specialization 23,,,,,,,,,,,,,23,
specialization,Specialization 24,,,Description for specialization 24,,,,,,,,,,,,,24,
specialization,Specialization 25,,,Description for specialization 25,,,,,,,,,,,,,25,
specialization,Specialization 26,,,Description for specialization 26,,,,,,,,,,,,,26,
specialization,Specialization 27,,,Description for specialization 27,,,,,,,,,,,,,27,
specialization,Specialization 28,,,Description for specialization 28,,,,,,,,,,,,,28,
specialization,Specialization 29,,,Description for specialization 29,,,,,,,,,,,,,29,
specialization,Specialization 30,,,Description for specialization 30,,,,,,,,,,,,,30,
specialization,Specialization 31,,,Description for specialization 31,,,,,,,,,,,,,31,
specialization,Specialization 32,,,Description for specialization 32,,,,,,,,,,,,,32,
specialization,Specialization 33,,,Description for specialization 33,,,,,,,,,,,,,33,
specialization,Specialization 34,,,Description for specialization 34,,,,,,,,,,,,,34,
specialization,Specialization 35,,,Description for specialization 35,,,,,,,,,,,,,35,
specialization,Specialization 36,,,Description for specialization 36,,,,,,,,,,,,,36,
specialization,Specialization 37,,,Description for specialization 37,,,,,,,,,,,,,37,
specialization,Specialization 38,,,Description for specialization 38,,,,,,,,,,,,,38,
specialization,Specialization 39,,,Description for specialization 39,,,,,,,,,,,,,39,
specialization,Specialization 40,,,Description for specialization 40,,,,,,,,,,,,,40,
specialization,Specialization 41,,,Description for specialization 41,,,,,,,,,,,,,41,
specialization,Specialization 42,,,Description for specialization 42,,,,,,,,,,,,,42,
specialization,Specialization 43,,,Description for specialization 43,,,,,,,,,,,,,43,
specialization,Specialization 44,,,Description for specialization 44,,,,,,,,,,,,,44,
specialization,Specialization 45,,,Description for specialization 45,,,,,,,,,,,,,45,
specialization,Specialization 46,,,Description for specialization 46,,,,,,,,,,,,,46,
specialization,Specialization 47,,,Description for specialization 47,,,,,,,,,,,,,47,
specialization,Specialization 48,,,Description for specialization 48,,,,,,,,,,,,,48,
specialization,Specialization 49,,,Description for specialization 49,,,,,,,,,,,,,49,
specialization,Specialization 50,,,Description for specialization 50,,,,,,,,,,,,,50,
course,Course 1,,,Description for course 1,0.4,29.2,,,,,,,,,,,46,
course,Course 2,,,Description for course 2,1.3,48.9,,,,,,,,,,,9,
course,Course 3,,,Description for course 3,1.7,23.4,,,,,,,,,,,31,
course,Course 4,,,Description for course 4,1.1,25.5,,,,,,,,,,,10,
course,Course 5,,,Description for course 5,0.5,47.6,,,,,,,,,,,38,
course,Course 6,,,Description for course 6,3.3,27.2,,,,,,,,,,,23,
course,Course 7,,,Description for course 7,4.8,24.1,,,,,,,,,,,13,
course,Course 8,,,Description for course 8,3.0,14.0,,,,,,,,,,,25,
course,Course 9,,,Description for course 9,4.1,28.6,,,,,,,,,,,37,
course,Course 10,,,Description for course 10,1.8,14.6,,,,,,,,,,,11,
course,Course 11,,,Description for course 11,4.4,33.8,,,,,,,,,,,43,
course,Course 12,,,Description for course 12,4.5,40.3,,,,,,,,,,,46,
course,Course 13,,,Description for course 13,3.4,25.6,,,,,,,,,,,36,
course,Course 14,,,Description for course 14,0.9,25.3,,,,,,,,,,,26,
course,Course 15,,,Description for course 15,1.0,22.0,,,,,,,,,,,32,
course,Course 16,,,Description for course 16,0.9,38.2,,,,,,,,,,,1,
course,Course 17,,,Description for course 17,4.6,32.5,,,,,,,,,,,3,
course,Course 18,,,Description for course 18,2.3,41.8,,,,,,,,,,,35,
course,Course 19,,,Description for course 19,1.2,31.2,,,,,,,,,,,19,
course,Course 20,,,Description for course 20,4.1,25.5,,,,,,,,,,,36,
course,Course 21,,,Description for course 21,0.9,38.9,,,,,,,,,,,7,
course,Course 22,,,Description for course 22,3.7,46.4,,,,,,,,,,,3,
course,Course 23,,,Description for course 23,0.7,35.7,,,,,,,,,,,7,
course,Course 24,,,Description for course 24,1.1,39.8,,,,,,,,,,,25,
course,Course 25,,,Description for course 25,2.8,10.2,,,,,,,,,,,40,
course,Course 26,,,Description for course 26,3.9,31.3,,,,,,,,,,,2,
course,Course 27,,,Description for course 27,2.4,32.6,,,,,,,,,,,34,
course,Course 28,,,Description for course 28,0.7,41.1,,,,,,,,,,,44,
course,Course 29,,,Description for course 29,0.8,36.6,,,,,,,,,,,49,
course,Course 30,,,Description for course 30,1.0,35.1,,,,,,,,,,,26,
course,Course 31,,,Description for course 31,3.4,43.5,,,,,,,,,,,27,
course,Course 32,,,Description for course 32,2.0,42.0,,,,,,,,,,,38,
course,Course 33,,,Description for course 33,2.7,18.9,,,,,,,,,,,25,
course,Course 34,,,Description for course 34,2.6,12.1,,,,,,,,,,,15,
course,Course 35,,,Description for course 35,0.8,35.6,,,,,,,,,,,16,
course,Course 36,,,Description for course 36,2.4,30.5,,,,,,,,,,,34,
course,Course 37,,,Description for course 37,1.9,49.8,,,,,,,,,,,27,
course,Course 38,,,Description for course 38,3.6,14.9,,,,,,,,,,,7,
course,Course 39,,,Description for course 39,4.0,21.9,,,,,,,,,,,29,
course,Course 40,,,Description for course 40,3.7,10.8,,,,,,,,,,,11,
course,Course 41,,,Description for course 41,3.8,30.3,,,,,,,,,,,42,
course,Course 42,,,Description for course 42,0.7,44.4,,,,,,,,,,,16,
course,Course 43,,,Description for course 43,4.8,37.1,,,,,,,,,,,14,
course,Course 44,,,Description for course 44,2.2,46.0,,,,,,,,,,,17,
course,Course 45,,,Description for course 45,2.0,34.5,,,,,,,,,,,30,
course,Course 46,,,Description for course 46,0.5,35.8,,,,,,,,,,,11,
course,Course 47,,,Description for course 47,2.2,14.2,,,,,,,,,,,7,
course,Course 48,,,Description for course 48,2.5,20.3,,,,,,,,,,,29,
course,Course 49,,,Description for course 49,1.7,25.1,,,,,,,,,,,7,
course,Course 50,,,Description for course 50,3.7,30.5,,,,,,,,,,,10,
subscription,,,,,,,free,,,,,,,,1,,,
subscription,,,,,,,paid,,,,,,,,2,,,
subscription,,,,,,,free,,,,,,,,3,,,
subscription,,,,,,,paid,,,,,,,,4,,,
subscription,,,,,,,paid,,,,,,,,5,,,
subscription,,,,,,,free,,,,,,,,6,,,
subscription,,,,,,,paid,,,,,,,,7,,,
subscription,,,,,,,free,,,,,,,,8,,,
subscription,,,,,,,free,,,,,,,,9,,,
subscription,,,,,,,free,,,,,,,,10,,,
subscription,,,,,,,free,,,,,,,,11,,,
subscription,,,,,,,free,,,,,,,,12,,,
subscription,,,,,,,free,,,,,,,,13,,,
subscription,,,,,,,free,,,,,,,,14,,,
subscription,,,,,,,free,,,,,,,,15,,,
subscription,,,,,,,free,,,,,,,,16,,,
subscription,,,,,,,free,,,,,,,,17,,,
subscription,,,,,,,free,,,,,,,,18,,,
subscription,,,,,,,paid,,,,,,,,19,,,
subscription,,,,,,,free,,,,,,,,20,,,
subscription,,,,,,,paid,,,,,,,,21,,,
subscription,,,,,,,free,,,,,,,,22,,,
subscription,,,,,,,free,,,,,,,,23,,,
subscription,,,,,,,free,,,,,,,,24,,,
subscription,,,,,,,paid,,,,,,,,25,,,
subscription,,,,,,,free,,,,,,,,26,,,
subscription,,,,,,,paid,,,,,,,,27,,,
subscription,,,,,,,free,,,,,,,,28,,,
subscription,,,,,,,paid,,,,,,,,29,,,
subscription,,,,,,,free,,,,,,,,30,,,
subscription,,,,,,,free,,,,,,,,31,,,
subscription,,,,,,,paid,,,,,,,,32,,,
subscription,,,,,,,free,,,,,,,,33,,,
subscription,,,,,,,paid,,,,,,,,34,,,
subscription,,,,,,,paid,,,,,,,,35,,,
subscription,,,,,,,paid,,,,,,,,36,,,
subscription,,,,,,,paid,,,,,,,,37,,,
subscription,,,,,,,paid,,,,,,,,38,,,
subscription,,,,,,,paid,,,,,,,,39,,,
subscription,,,,,,,free,,,,,,,,40,,,
subscription,,,,,,,paid,,,,,,,,41,,,
subscription,,,,,,,paid,,,,,,,,42,,,
subscription,,,,,,,paid,,,,,,,,43,,,
subscription,,,,,,,free,,,,,,,,44,,,
subscription,,,,,,,free,,,,,,,,45,,,
subscription,,,,,,,paid,,,,,,,,46,,,
subscription,,,,,,,paid,,,,,,,,47,,,
subscription,,,,,,,paid,,,,,,,,48,,,
subscription,,,,,,,paid,,,,,,,,49,,,
subscription,,,,,,,paid,,,,,,,,50,,,
review,,,,,2,,,Review text 1,2025-03-24T03:52:27.828Z,,,,,,16,42,,
review,,,,,3,,,Review text 2,2025-04-20T17:06:02.558Z,,,,,,49,23,,
review,,,,,2,,,Review text 3,2025-02-23T04:45:28.463Z,,,,,,45,48,,
review,,,,,4,,,Review text 4,2025-02-11T15:30:04.479Z,,,,,,35,38,,
review,,,,,1,,,Review text 5,2025-01-24T16:36:38.856Z,,,,,,46,21,,
review,,,,,3,,,Review text 6,2025-01-07T22:24:51.650Z,,,,,,10,14,,
review,,,,,1,,,Review text 7,2025-03-24T03:57:48.649Z,,,,,,36,30,,
review,,,,,2,,,Review text 8,2025-02-23T04:47:56.891Z,,,,,,8,38,,
review,,,,,2,,,Review text 9,2025-04-16T18:05:35.746Z,,,,,,28,38,,
review,,,,,4,,,Review text 10,2025-03-15T14:18:06.977Z,,,,,,31,8,,
review,,,,,4,,,Review text 11,2025-04-17T10:39:37.165Z,,,,,,8,4,,
review,,,,,2,,,Review text 12,2025-03-26T20:00:36.950Z,,,,,,32,43,,
review,,,,,3,,,Review text 13,2025-02-20T05:39:53.936Z,,,,,,4,3,,
review,,,,,5,,,Review text 14,2025-01-30T02:46:02.838Z,,,,,,44,8,,
review,,,,,4,,,Review text 15,2025-02-24T09:38:33.950Z,,,,,,42,50,,
review,,,,,1,,,Review text 16,2025-01-03T07:41:33.950Z,,,,,,9,24,,
review,,,,,2,,,Review text 17,2025-01-30T02:56:06.691Z,,,,,,3,17,,
review,,,,,3,,,Review text 18,2025-04-08T11:04:52.192Z,,,,,,12,24,,
review,,,,,5,,,Review text 19,2025-01-31T03:00:35.212Z,,,,,,25,9,,
review,,,,,5,,,Review text 20,2025-03-22T17:27:32.029Z,,,,,,5,1,,
review,,,,,5,,,Review text 21,2025-02-21T11:15:26.367Z,,,,,,35,9,,
review,,,,,1,,,Review text 22,2025-02-10T08:07:26.721Z,,,,,,21,36,,
review,,,,,2,,,Review text 23,2025-02-19T13:49:22.714Z,,,,,,45,45,,
review,,,,,4,,,Review text 24,2025-03-24T20:48:32.463Z,,,,,,44,36,,
review,,,,,4,,,Review text 25,2025-01-27T07:56:58.534Z,,,,,,41,27,,
review,,,,,3,,,Review text 26,2025-01-13T13:42:12.226Z,,,,,,24,30,,
review,,,,,3,,,Review text 27,2025-01-01T02:26:52.649Z,,,,,,2,11,,
review,,,,,3,,,Review text 28,2025-02-26T14:52:46.287Z,,,,,,1,4,,
review,,,,,5,,,Review text 29,2025-01-25T22:02:15.852Z,,,,,,20,16,,
review,,,,,2,,,Review text 30,2025-02-21T13:31:49.757Z,,,,,,42,13,,
review,,,,,5,,,Review text 31,2025-02-03T04:49:54.153Z,,,,,,28,29,,
review,,,,,3,,,Review text 32,2025-04-18T04:43:32.584Z,,,,,,27,31,,
review,,,,,3,,,Review text 33,2025-02-21T10:50:56.342Z,,,,,,7,14,,
review,,,,,4,,,Review text 34,2025-04-18T06:09:09.412Z,,,,,,25,49,,
review,,,,,3,,,Review text 35,2025-04-14T17:57:29.585Z,,,,,,38,34,,
review,,,,,2,,,Review text 36,2025-03-12T16:35:17.517Z,,,,,,4,45,,
review,,,,,2,,,Review text 37,2025-02-27T02:23:24.808Z,,,,,,35,30,,
review,,,,,4,,,Review text 38,2025-02-22T16:54:52.186Z,,,,,,42,17,,
review,,,,,1,,,Review text 39,2025-01-25T21:54:29.055Z,,,,,,43,32,,
review,,,,,4,,,Review text 40,2025-03-21T11:26:59.105Z,,,,,,29,20,,
review,,,,,1,,,Review text 41,2025-01-09T03:49:39.791Z,,,,,,39,24,,
review,,,,,4,,,Review text 42,2025-02-01T01:51:48.810Z,,,,,,33,47,,
review,,,,,2,,,Review text 43,2025-03-17T14:58:15.222Z,,,,,,38,37,,
review,,,,,5,,,Review text 44,2025-03-05T14:35:40.816Z,,,,,,27,44,,
review,,,,,5,,,Review text 45,2025-02-06T18:40:54.666Z,,,,,,5,44,,
review,,,,,2,,,Review text 46,2025-01-19T03:51:59.929Z,,,,,,18,3,,
review,,,,,4,,,Review text 47,2025-01-27T00:10:33.562Z,,,,,,18,12,,
review,,,,,1,,,Review text 48,2025-02-23T14:06:58.404Z,,,,,,5,33,,
review,,,,,5,,,Review text 49,2025-02-12T03:34:11.518Z,,,,,,16,3,,
review,,,,,3,,,Review text 50,2025-03-14T12:35:39.384Z,,,,,,21,1,,
week,,,,,,,,,,Topic for week 1,Tasks for week 1,,,,,16,,
week,,,,,,,,,,Topic for week 2,Tasks for week 2,,,,,38,,
week,,,,,,,,,,Topic for week 3,Tasks for week 3,,,,,42,,
week,,,,,,,,,,Topic for week 4,Tasks for week 4,,,,,5,,
week,,,,,,,,,,Topic for week 5,Tasks for week 5,,,,,35,,
week,,,,,,,,,,Topic for week 6,Tasks for week 6,,,,,26,,
week,,,,,,,,,,Topic for week 7,Tasks for week 7,,,,,34,,
week,,,,,,,,,,Topic for week 8,Tasks for week 8,,,,,17,,
week,,,,,,,,,,Topic for week 9,Tasks for week 9,,,,,49,,
week,,,,,,,,,,Topic for week 10,Tasks for week 10,,,,,12,,
week,,,,,,,,,,Topic for week 11,Tasks for week 11,,,,,43,,
week,,,,,,,,,,Topic for week 12,Tasks for week 12,,,,,20,,
week,,,,,,,,,,Topic for week 13,Tasks for week 13,,,,,19,,
week,,,,,,,,,,Topic for week 14,Tasks for week 14,,,,,37,,
week,,,,,,,,,,Topic for week 15,Tasks for week 15,,,,,23,,
week,,,,,,,,,,Topic for week 16,Tasks for week 16,,,,,34,,
week,,,,,,,,,,Topic for week 17,Tasks for week 17,,,,,23,,
week,,,,,,,,,,Topic for week 18,Tasks for week 18,,,,,47,,
week,,,,,,,,,,Topic for week 19,Tasks for week 19,,,,,46,,
week,,,,,,,,,,Topic for week 20,Tasks for week 20,,,,,6,,
week,,,,,,,,,,Topic for week 21,Tasks for week 21,,,,,24,,
week,,,,,,,,,,Topic for week 22,Tasks for week 22,,,,,10,,
week,,,,,,,,,,Topic for week 23,Tasks for week 23,,,,,13,,
week,,,,,,,,,,Topic for week 24,Tasks for week 24,,,,,10,,
week,,,,,,,,,,Topic for week 25,Tasks for week 25,,,,,48,,
week,,,,,,,,,,Topic for week 26,Tasks for week 26,,,,,7,,
week,,,,,,,,,,Topic for week 27,Tasks for week 27,,,,,25,,
week,,,,,,,,,,Topic for week 28,Tasks for week 28,,,,,31,,
week,,,,,,,,,,Topic for week 29,Tasks for week 29,,,,,45,,
week,,,,,,,,,,Topic for week 30,Tasks for week 30,,,,,13,,
week,,,,,,,,,,Topic for week 31,Tasks for week 31,,,,,40,,
week,,,,,,,,,,Topic for week 32,Tasks for week 32,,,,,36,,
week,,,,,,,,,,Topic for week 33,Tasks for week 33,,,,,45,,
week,,,,,,,,,,Topic for week 34,Tasks for week 34,,,,,29,,
week,,,,,,,,,,Topic for week 35,Tasks for week 35,,,,,8,,
week,,,,,,,,,,Topic for week 36,Tasks for week 36,,,,,32,,
week,,,,,,,,,,Topic for week 37,Tasks for week 37,,,,,15,,
week,,,,,,,,,,Topic for week 38,Tasks for week 38,,,,,35,,
week,,,,,,,,,,Topic for week 39,Tasks for week 39,,,,,22,,
week,,,,,,,,,,Topic for week 40,Tasks for week 40,,,,,26,,
week,,,,,,,,,,Topic for week 41,Tasks for week 41,,,,,48,,
week,,,,,,,,,,Topic for week 42,Tasks for week 42,,,,,18,,
week,,,,,,,,,,Topic for week 43,Tasks for week 43,,,,,13,,
week,,,,,,,,,,Topic for week 44,Tasks for week 44,,,,,19,,
week,,,,,,,,,,Topic for week 45,Tasks for week 45,,,,,17,,
week,,,,,,,,,,Topic for week 46,Tasks for week 46,,,,,14,,
week,,,,,,,,,,Topic for week 47,Tasks for week 47,,,,,38,,
week,,,,,,,,,,Topic for week 48,Tasks for week 48,,,,,37,,
week,,,,,,,,,,Topic for week 49,Tasks for week 49,,,,,10,,
week,,,,,,,,,,Topic for week 50,Tasks for week 50,,,,,25,,
task,,,,Description for task 1,,,,,,,,Task 1,false,,,,,6
task,,,,Description for task 2,,,,,,,,Task 2,false,,,,,30
task,,,,Description for task 3,,,,,,,,Task 3,false,,,,,7
task,,,,Description for task 4,,,,,,,,Task 4,true,,,,,13
task,,,,Description for task 5,,,,,,,,Task 5,true,,,,,41
task,,,,Description for task 6,,,,,,,,Task 6,true,,,,,5
task,,,,Description for task 7,,,,,,,,Task 7,true,,,,,8
task,,,,Description for task 8,,,,,,,,Task 8,false,,,,,26
task,,,,Description for task 9,,,,,,,,Task 9,false,,,,,28
task,,,,Description for task 10,,,,,,,,Task 10,true,,,,,12
task,,,,Description for task 11,,,,,,,,Task 11,true,,,,,29
task,,,,Description for task 12,,,,,,,,Task 12,false,,,,,1
task,,,,Description for task 13,,,,,,,,Task 13,false,,,,,25
task,,,,Description for task 14,,,,,,,,Task 14,false,,,,,13
task,,,,Description for task 15,,,,,,,,Task 15,true,,,,,44
task,,,,Description for task 16,,,,,,,,Task 16,true,,,,,28
task,,,,Description for task 17,,,,,,,,Task 17,false,,,,,29
task,,,,Description for task 18,,,,,,,,Task 18,false,,,,,13
task,,,,Description for task 19,,,,,,,,Task 19,false,,,,,18
task,,,,Description for task 20,,,,,,,,Task 20,true,,,,,39
task,,,,Description for task 21,,,,,,,,Task 21,true,,,,,11
task,,,,Description for task 22,,,,,,,,Task 22,false,,,,,10
task,,,,Description for task 23,,,,,,,,Task 23,false,,,,,28
task,,,,Description for task 24,,,,,,,,Task 24,true,,,,,44
task,,,,Description for task 25,,,,,,,,Task 25,false,,,,,17
task,,,,Description for task 26,,,,,,,,Task 26,false,,,,,43
task,,,,Description for task 27,,,,,,,,Task 27,true,,,,,36
task,,,,Description for task 28,,,,,,,,Task 28,false,,,,,29
task,,,,Description for task 29,,,,,,,,Task 29,true,,,,,8
task,,,,Description for task 30,,,,,,,,Task 30,true,,,,,2
task,,,,Description for task 31,,,,,,,,Task 31,true,,,,,5
task,,,,Description for task 32,,,,,,,,Task 32,true,,,,,25
task,,,,Description for task 33,,,,,,,,Task 33,true,,,,,14
task,,,,Description for task 34,,,,,,,,Task 34,true,,,,,10
task,,,,Description for task 35,,,,,,,,Task 35,false,,,,,15
task,,,,Description for task 36,,,,,,,,Task 36,false,,,,,8
task,,,,Description for task 37,,,,,,,,Task 37,false,,,,,32
task,,,,Description for task 38,,,,,,,,Task 38,true,,,,,42
task,,,,Description for task 39,,,,,,,,Task 39,true,,,,,45
task,,,,Description for task 40,,,,,,,,Task 40,true,,,,,46
task,,,,Description for task 41,,,,,,,,Task 41,false,,,,,5
task,,,,Description for task 42,,,,,,,,Task 42,false,,,,,48
task,,,,Description for task 43,,,,,,,,Task 43,false,,,,,22
task,,,,Description for task 44,,,,,,,,Task 44,true,,,,,41
task,,,,Description for task 45,,,,,,,,Task 45,true,,,,,37
task,,,,Description for task 46,,,,,,,,Task 46,true,,,,,7
task,,,,Description for task 47,,,,,,,,Task 47,false,,,,,2
task,,,,Description for task 48,,,,,,,,Task 48,true,,,,,47
task,,,,Description for task 49,,,,,,,,Task 49,true,,,,,12
task,,,,Description for task 50,,,,,,,,Task 50,false,,,,,22
deadline,,,,,,,,,,,,,,2025-08-09T13:51:07.954Z,,12,,
deadline,,,,,,,,,,,,,,2025-08-02T11:02:02.356Z,,36,,
deadline,,,,,,,,,,,,,,2025-07-04T23:52:31.157Z,,40,,
deadline,,,,,,,,,,,,,,2025-05-10T22:54:07.605Z,,41,,
deadline,,,,,,,,,,,,,,2025-07-30T14:57:30.863Z,,29,,
deadline,,,,,,,,,,,,,,2025-07-20T07:21:59.849Z,,46,,
deadline,,,,,,,,,,,,,,2025-08-04T06:14:23.944Z,,15,,
deadline,,,,,,,,,,,,,,2025-08-01T01:47:42.941Z,,31,,
deadline,,,,,,,,,,,,,,2025-07-21T14:49:48.919Z,,44,,
deadline,,,,,,,,,,,,,,2025-05-08T02:10:18.686Z,,35,,
deadline,,,,,,,,,,,,,,2025-07-18T11:36:49.254Z,,23,,
deadline,,,,,,,,,,,,,,2025-07-28T10:56:30.856Z,,36,,
deadline,,,,,,,,,,,,,,2025-07-21T21:51:38.384Z,,6,,
deadline,,,,,,,,,,,,,,2025-06-05T20:42:58.785Z,,10,,
deadline,,,,,,,,,,,,,,2025-05-04T11:16:12.320Z,,27,,
deadline,,,,,,,,,,,,,,2025-08-01T16:53:41.000Z,,45,,
deadline,,,,,,,,,,,,,,2025-08-13T18:25:53.028Z,,9,,
deadline,,,,,,,,,,,,,,2025-07-12T00:21:02.390Z,,27,,
deadline,,,,,,,,,,,,,,2025-08-01T14:40:56.213Z,,26,,
deadline,,,,,,,,,,,,,,2025-08-14T17:28:18.682Z,,31,,
deadline,,,,,,,,,,,,,,2025-05-24T06:09:38.021Z,,12,,
deadline,,,,,,,,,,,,,,2025-04-28T02:48:53.915Z,,29,,
deadline,,,,,,,,,,,,,,2025-05-10T16:28:18.712Z,,45,,
deadline,,,,,,,,,,,,,,2025-06-17T06:09:49.092Z,,41,,
deadline,,,,,,,,,,,,,,2025-06-04T12:36:04.155Z,,36,,
deadline,,,,,,,,,,,,,,2025-04-24T05:12:27.684Z,,37,,
deadline,,,,,,,,,,,,,,2025-06-16T19:40:22.492Z,,28,,
deadline,,,,,,,,,,,,,,2025-04-29T18:32:38.264Z,,6,,
deadline,,,,,,,,,,,,,,2025-06-14T16:02:15.386Z,,24,,
deadline,,,,,,,,,,,,,,2025-06-06T19:32:30.841Z,,6,,
deadline,,,,,,,,,,,,,,2025-06-29T03:18:08.601Z,,3,,
deadline,,,,,,,,,,,,,,2025-07-22T10:49:47.549Z,,30,,
deadline,,,,,,,,,,,,,,2025-07-31T01:19:02.325Z,,27,,
deadline,,,,,,,,,,,,,,2025-08-10T13:47:01.556Z,,15,,
deadline,,,,,,,,,,,,,,2025-07-29T15:32:35.885Z,,20,,
deadline,,,,,,,,,,,,,,2025-08-02T03:14:48.344Z,,40,,
deadline,,,,,,,,,,,,,,2025-05-13T05:28:25.443Z,,2,,
deadline,,,,,,,,,,,,,,2025-05-09T12:59:36.765Z,,48,,
deadline,,,,,,,,,,,,,,2025-05-06T03:22:07.996Z,,49,,
deadline,,,,,,,,,,,,,,2025-08-10T14:33:27.934Z,,4,,
deadline,,,,,,,,,,,,,,2025-05-04T11:06:02.557Z,,39,,
deadline,,,,,,,,,,,,,,2025-08-15T02:43:32.338Z,,9,,
deadline,,,,,,,,,,,,,,2025-04-24T11:24:46.201Z,,11,,
deadline,,,,,,,,,,,,,,2025-07-10T11:57:00.549Z,,35,,
deadline,,,,,,,,,,,,,,2025-06-25T12:34:14.045Z,,36,,
deadline,,,,,,,,,,,,,,2025-05-28T03:17:25.524Z,,28,,
deadline,,,,,,,,,,,,,,2025-06-17T00:57:30.611Z,,13,,
deadline,,,,,,,,,,,,,,2025-06-01T21:54:18.228Z,,30,,
deadline,,,,,,,,,,,,,,2025-06-06T02:06:58.397Z,,12,,
deadline,,,,,,,,,,,,,,2025-08-10T08:37:14.414Z,,23,,
userCourse,,,,,,,,,,,,,,,37,12,,
userCourse,,,,,,,,,,,,,,,1,17,,
userCourse,,,,,,,,,,,,,,,3,33,,
userCourse,,,,,,,,,,,,,,,22,7,,
userCourse,,,,,,,,,,,,,,,19,3,,
userCourse,,,,,,,,,,,,,,,33,11,,
userCourse,,,,,,,,,,,,,,,38,17,,
userCourse,,,,,,,,,,,,,,,42,8,,
userCourse,,,,,,,,,,,,,,,21,1,,
userCourse,,,,,,,,,,,,,,,21,11,,
userCourse,,,,,,,,,,,,,,,47,48,,
userCourse,,,,,,,,,,,,,,,4,42,,
userCourse,,,,,,,,,,,,,,,29,1,,
userCourse,,,,,,,,,,,,,,,24,41,,
userCourse,,,,,,,,,,,,,,,44,14,,
userCourse,,,,,,,,,,,,,,,22,10,,
userCourse,,,,,,,,,,,,,,,44,17,,
userCourse,,,,,,,,,,,,,,,49,10,,
userCourse,,,,,,,,,,,,,,,1,24,,
userCourse,,,,,,,,,,,,,,,13,44,,
userCourse,,,,,,,,,,,,,,,10,23,,
userCourse,,,,,,,,,,,,,,,49,20,,
userCourse,,,,,,,,,,,,,,,11,24,,
userCourse,,,,,,,,,,,,,,,20,40,,
userCourse,,,,,,,,,,,,,,,29,37,,
userCourse,,,,,,,,,,,,,,,45,20,,
userCourse,,,,,,,,,,,,,,,29,3,,
userCourse,,,,,,,,,,,,,,,14,38,,
userCourse,,,,,,,,,,,,,,,10,9,,
userCourse,,,,,,,,,,,,,,,8,50,,
userCourse,,,,,,,,,,,,,,,50,7,,
userCourse,,,,,,,,,,,,,,,4,36,,
userCourse,,,,,,,,,,,,,,,6,23,,
userCourse,,,,,,,,,,,,,,,7,41,,
userCourse,,,,,,,,,,,,,,,2,32,,
userCourse,,,,,,,,,,,,,,,35,34,,
userCourse,,,,,,,,,,,,,,,5,49,,
userCourse,,,,,,,,,,,,,,,2,44,,
userCourse,,,,,,,,,,,,,,,30,22,,
userCourse,,,,,,,,,,,,,,,1,4,,
userCourse,,,,,,,,,,,,,,,11,47,,
userCourse,,,,,,,,,,,,,,,5,41,,
userCourse,,,,,,,,,,,,,,,49,3,,
userCourse,,,,,,,,,,,,,,,29,4,,
userCourse,,,,,,,,,,,,,,,14,33,,
userCourse,,,,,,,,,,,,,,,13,45,,
userCourse,,,,,,,,,,,,,,,24,18,,
userCourse,,,,,,,,,,,,,,,16,39,,
userCourse,,,,,,,,,,,,,,,46,41,,
userCourse,,,,,,,,,,,,,,,19,4,,
review,,,,,4,,,Review text 1,2025-01-03T01:54:20.595Z,,,,,,32,3,,
review,,,,,3,,,Review text 2,2025-01-11T10:02:07.958Z,,,,,,48,29,,
review,,,,,4,,,Review text 3,2025-04-02T18:20:14.447Z,,,,,,22,21,,
review,,,,,2,,,Review text 4,2025-04-13T13:40:42.930Z,,,,,,35,37,,
review,,,,,4,,,Review text 5,2024-12-30T17:45:11.351Z,,,,,,38,1,,
review,,,,,1,,,Review text 6,2025-02-19T04:16:26.236Z,,,,,,32,4,,
review,,,,,2,,,Review text 7,2025-03-03T04:40:13.991Z,,,,,,40,30,,
review,,,,,5,,,Review text 8,2025-04-15T03:00:04.658Z,,,,,,32,6,,
review,,,,,4,,,Review text 9,2025-02-08T07:34:47.974Z,,,,,,26,50,,
review,,,,,4,,,Review text 10,2025-01-03T15:40:46.376Z,,,,,,47,20,,
review,,,,,4,,,Review text 11,2025-02-06T16:19:32.099Z,,,,,,37,33,,
review,,,,,4,,,Review text 12,2025-01-30T21:10:16.582Z,,,,,,31,6,,
review,,,,,2,,,Review text 13,2025-01-15T08:12:37.958Z,,,,,,37,50,,
review,,,,,5,,,Review text 14,2025-03-13T16:08:45.934Z,,,,,,5,32,,
review,,,,,3,,,Review text 15,2025-02-28T08:31:07.432Z,,,,,,28,30,,
review,,,,,3,,,Review text 16,2025-04-10T12:48:53.754Z,,,,,,15,45,,
review,,,,,2,,,Review text 17,2025-01-02T07:36:37.701Z,,,,,,14,47,,
review,,,,,2,,,Review text 18,2025-02-19T06:16:18.631Z,,,,,,48,35,,
review,,,,,4,,,Review text 19,2025-03-22T01:48:43.506Z,,,,,,33,44,,
review,,,,,4,,,Review text 20,2025-02-11T00:01:36.724Z,,,,,,32,48,,
review,,,,,3,,,Review text 21,2025-03-02T09:00:00.048Z,,,,,,41,29,,
review,,,,,1,,,Review text 22,2025-01-15T10:54:14.554Z,,,,,,10,50,,
review,,,,,2,,,Review text 23,2025-02-25T09:07:29.491Z,,,,,,18,18,,
review,,,,,5,,,Review text 24,2025-01-25T22:54:47.301Z,,,,,,38,34,,
review,,,,,2,,,Review text 25,2025-04-02T17:00:01.733Z,,,,,,40,23,,
review,,,,,5,,,Review text 26,2025-02-02T03:26:51.064Z,,,,,,33,15,,
review,,,,,4,,,Review text 27,2025-03-09T14:06:57.227Z,,,,,,21,14,,
review,,,,,2,,,Review text 28,2025-04-11T08:53:51.780Z,,,,,,45,18,,
review,,,,,2,,,Review text 29,2025-02-21T02:02:54.071Z,,,,,,37,49,,
review,,,,,5,,,Review text 30,2025-01-10T17:21:44.319Z,,,,,,14,47,,
review,,,,,2,,,Review text 31,2025-01-16T11:35:01.611Z,,,,,,15,1,,
review,,,,,3,,,Review text 32,2025-03-17T06:34:58.571Z,,,,,,46,39,,
review,,,,,2,,,Review text 33,2025-02-18T18:38:34.748Z,,,,,,4,20,,
review,,,,,2,,,Review text 34,2025-03-23T15:07:13.386Z,,,,,,41,14,,
review,,,,,4,,,Review text 35,2025-04-09T09:06:56.511Z,,,,,,24,7,,
review,,,,,1,,,Review text 36,2025-04-07T17:54:44.364Z,,,,,,19,47,,
review,,,,,1,,,Review text 37,2025-03-07T20:13:48.136Z,,,,,,19,43,,
review,,,,,1,,,Review text 38,2025-02-24T16:19:08.887Z,,,,,,38,19,,
review,,,,,5,,,Review text 39,2025-01-13T07:18:21.473Z,,,,,,1,22,,
review,,,,,5,,,Review text 40,2025-02-11T01:40:16.528Z,,,,,,13,32,,
review,,,,,1,,,Review text 41,2025-01-27T22:57:18.689Z,,,,,,5,17,,
review,,,,,1,,,Review text 42,2025-04-12T01:03:35.193Z,,,,,,14,22,,
review,,,,,2,,,Review text 43,2025-04-19T01:39:05.599Z,,,,,,35,30,,
review,,,,,1,,,Review text 44,2025-04-19T01:22:23.732Z,,,,,,8,44,,
review,,,,,1,,,Review text 45,2025-01-18T02:34:44.785Z,,,,,,1,1,,
review,,,,,4,,,Review text 46,2025-02-12T05:12:11.935Z,,,,,,14,16,,
review,,,,,3,,,Review text 47,2025-02-09T20:27:05.693Z,,,,,,22,1,,
review,,,,,2,,,Review text 48,2025-01-29T12:16:11.354Z,,,,,,46,14,,
review,,,,,4,,,Review text 49,2024-12-31T13:45:13.657Z,,,,,,37,40,,
review,,,,,3,,,Review text 50,2025-01-07T05:54:14.372Z,,,,,,5,44,,
review,,,,,3,,,Review text 51,2025-02-25T11:18:42.184Z,,,,,,13,17,,
review,,,,,2,,,Review text 52,2025-02-12T16:21:04.970Z,,,,,,21,16,,
review,,,,,2,,,Review text 53,2025-03-18T04:25:55.823Z,,,,,,16,6,,
review,,,,,3,,,Review text 54,2025-02-19T04:49:42.469Z,,,,,,15,46,,
review,,,,,2,,,Review text 55,2025-02-10T11:24:09.045Z,,,,,,21,7,,
review,,,,,5,,,Review text 56,2025-04-10T03:34:39.303Z,,,,,,23,36,,
review,,,,,2,,,Review text 57,2025-04-12T09:30:57.486Z,,,,,,20,1,,
review,,,,,4,,,Review text 58,2025-03-21T12:35:30.931Z,,,,,,27,32,,
review,,,,,3,,,Review text 59,2025-03-23T09:14:15.264Z,,,,,,40,15,,
review,,,,,2,,,Review text 60,2025-03-24T12:51:19.806Z,,,,,,21,31,,
review,,,,,3,,,Review text 61,2025-02-24T13:26:42.665Z,,,,,,34,24,,
review,,,,,5,,,Review text 62,2025-01-27T16:40:54.650Z,,,,,,39,10,,
review,,,,,2,,,Review text 63,2025-04-13T00:34:41.006Z,,,,,,36,43,,
review,,,,,3,,,Review text 64,2025-01-20T19:12:26.304Z,,,,,,42,18,,
review,,,,,2,,,Review text 65,2025-04-03T19:06:49.570Z,,,,,,25,18,,
review,,,,,1,,,Review text 66,2025-03-04T19:23:40.812Z,,,,,,46,42,,
review,,,,,1,,,Review text 67,2025-01-27T08:24:50.325Z,,,,,,23,49,,
review,,,,,2,,,Review text 68,2025-02-17T13:26:14.303Z,,,,,,12,16,,
review,,,,,1,,,Review text 69,2025-04-23T02:14:32.990Z,,,,,,27,17,,
review,,,,,2,,,Review text 70,2025-01-17T06:42:50.483Z,,,,,,23,29,,
review,,,,,2,,,Review text 71,2025-02-11T02:12:09.561Z,,,,,,35,17,,
review,,,,,3,,,Review text 72,2025-02-02T20:07:34.961Z,,,,,,25,43,,
review,,,,,1,,,Review text 73,2025-04-03T13:36:15.938Z,,,,,,7,2,,
review,,,,,5,,,Review text 74,2025-01-14T12:46:59.401Z,,,,,,37,4,,
review,,,,,3,,,Review text 75,2025-04-01T04:16:00.427Z,,,,,,17,40,,
review,,,,,1,,,Review text 76,2025-02-13T19:08:24.847Z,,,,,,7,34,,
review,,,,,2,,,Review text 77,2025-03-30T02:50:03.506Z,,,,,,40,49,,
review,,,,,5,,,Review text 78,2025-04-07T09:52:10.704Z,,,,,,34,14,,
review,,,,,1,,,Review text 79,2025-03-14T19:36:51.511Z,,,,,,32,44,,
review,,,,,5,,,Review text 80,2025-03-13T08:51:58.975Z,,,,,,41,23,,
review,,,,,2,,,Review text 81,2025-01-15T22:05:48.043Z,,,,,,40,15,,
review,,,,,2,,,Review text 82,2025-02-18T20:12:12.070Z,,,,,,20,48,,
review,,,,,5,,,Review text 83,2025-04-14T01:47:41.565Z,,,,,,13,17,,
review,,,,,1,,,Review text 84,2025-01-15T10:37:04.373Z,,,,,,45,14,,
review,,,,,4,,,Review text 85,2025-01-24T20:15:15.748Z,,,,,,36,30,,
review,,,,,2,,,Review text 86,2025-03-16T11:56:02.502Z,,,,,,17,30,,
review,,,,,2,,,Review text 87,2025-03-21T15:45:39.773Z,,,,,,45,18,,
review,,,,,5,,,Review text 88,2025-02-18T23:29:07.904Z,,,,,,43,11,,
review,,,,,1,,,Review text 89,2025-04-03T15:57:08.943Z,,,,,,9,6,,
review,,,,,2,,,Review text 90,2025-03-01T09:20:04.387Z,,,,,,7,1,,
review,,,,,4,,,Review text 91,2025-02-07T16:12:58.325Z,,,,,,31,36,,
review,,,,,2,,,Review text 92,2025-01-08T18:04:15.251Z,,,,,,11,4,,
review,,,,,3,,,Review text 93,2025-04-19T04:03:11.458Z,,,,,,25,33,,
review,,,,,1,,,Review text 94,2025-03-05T10:24:16.206Z,,,,,,32,43,,
review,,,,,4,,,Review text 95,2025-01-08T06:23:26.091Z,,,,,,28,27,,
review,,,,,5,,,Review text 96,2025-01-27T16:21:33.878Z,,,,,,18,5,,
review,,,,,2,,,Review text 97,2025-01-21T21:50:31.902Z,,,,,,30,40,,
review,,,,,4,,,Review text 98,2025-02-14T06:50:25.925Z,,,,,,35,38,,
review,,,,,5,,,Review text 99,2025-02-08T16:53:27.700Z,,,,,,4,5,,
review,,,,,4,,,Review text 100,2025-03-03T04:14:20.990Z,,,,,,22,8,,
review,,,,,5,,,Review text 101,2025-01-23T05:36:06.485Z,,,,,,22,2,,
review,,,,,2,,,Review text 102,2025-03-21T15:25:23.914Z,,,,,,4,9,,
review,,,,,2,,,Review text 103,2025-03-15T10:28:25.337Z,,,,,,37,21,,
review,,,,,1,,,Review text 104,2025-01-10T22:01:50.797Z,,,,,,36,43,,
review,,,,,2,,,Review text 105,2025-03-21T06:03:38.403Z,,,,,,22,2,,
review,,,,,2,,,Review text 106,2025-04-14T13:27:29.322Z,,,,,,6,10,,
review,,,,,1,,,Review text 107,2025-04-16T23:21:59.003Z,,,,,,45,11,,
review,,,,,4,,,Review text 108,2025-01-30T10:02:22.757Z,,,,,,21,21,,
review,,,,,2,,,Review text 109,2025-04-15T15:35:05.619Z,,,,,,4,47,,
review,,,,,5,,,Review text 110,2025-04-15T22:29:16.084Z,,,,,,22,32,,
review,,,,,2,,,Review text 111,2025-04-17T00:48:25.001Z,,,,,,50,36,,
review,,,,,2,,,Review text 112,2025-03-24T14:13:12.047Z,,,,,,10,9,,
review,,,,,3,,,Review text 113,2025-03-20T13:43:02.394Z,,,,,,5,30,,
review,,,,,2,,,Review text 114,2025-03-22T11:59:42.567Z,,,,,,4,7,,
review,,,,,5,,,Review text 115,2025-04-15T20:39:08.674Z,,,,,,16,30,,
review,,,,,4,,,Review text 116,2025-04-23T04:05:31.948Z,,,,,,34,39,,
review,,,,,4,,,Review text 117,2025-01-29T11:42:33.130Z,,,,,,49,5,,
review,,,,,3,,,Review text 118,2025-02-02T20:30:53.001Z,,,,,,11,24,,
review,,,,,2,,,Review text 119,2025-03-28T16:05:55.092Z,,,,,,5,36,,
review,,,,,3,,,Review text 120,2025-03-09T08:41:19.943Z,,,,,,28,42,,
review,,,,,1,,,Review text 121,2025-03-04T12:00:45.013Z,,,,,,16,27,,
review,,,,,1,,,Review text 122,2025-02-07T19:41:23.304Z,,,,,,29,14,,
review,,,,,5,,,Review text 123,2025-03-21T17:49:30.916Z,,,,,,22,44,,
review,,,,,1,,,Review text 124,2025-04-15T05:29:58.374Z,,,,,,16,43,,
review,,,,,3,,,Review text 125,2025-04-05T06:10:42.257Z,,,,,,2,45,,
review,,,,,1,,,Review text 126,2025-01-18T16:15:08.779Z,,,,,,41,29,,
review,,,,,5,,,Review text 127,2025-01-19T09:00:52.949Z,,,,,,28,34,,
review,,,,,3,,,Review text 128,2025-04-16T19:49:48.669Z,,,,,,28,13,,
review,,,,,2,,,Review text 129,2025-01-15T03:20:51.792Z,,,,,,40,35,,
review,,,,,5,,,Review text 130,2025-01-07T07:23:50.711Z,,,,,,35,50,,
review,,,,,5,,,Review text 131,2025-02-28T18:39:15.277Z,,,,,,48,1,,
review,,,,,4,,,Review text 132,2025-02-15T04:44:44.733Z,,,,,,25,17,,
review,,,,,3,,,Review text 133,2025-03-30T20:47:45.934Z,,,,,,37,41,,
review,,,,,5,,,Review text 134,2025-03-11T21:47:23.995Z,,,,,,49,32,,
review,,,,,2,,,Review text 135,2025-03-15T02:53:44.577Z,,,,,,43,3,,
review,,,,,5,,,Review text 136,2025-02-20T01:12:48.383Z,,,,,,9,43,,
review,,,,,5,,,Review text 137,2025-01-20T17:41:33.229Z,,,,,,13,36,,
review,,,,,5,,,Review text 138,2025-03-05T05:54:08.356Z,,,,,,8,6,,
review,,,,,2,,,Review text 139,2025-03-17T13:23:16.923Z,,,,,,49,4,,
review,,,,,5,,,Review text 140,2025-03-31T20:56:40.743Z,,,,,,49,11,,
review,,,,,2,,,Review text 141,2025-02-22T21:45:51.799Z,,,,,,29,20,,
review,,,,,4,,,Review text 142,2025-01-18T15:40:11.980Z,,,,,,38,39,,
review,,,,,3,,,Review text 143,2025-04-06T22:07:14.982Z,,,,,,48,47,,
review,,,,,3,,,Review text 144,2025-01-24T05:59:04.259Z,,,,,,25,1,,
review,,,,,2,,,Review text 145,2025-03-08T21:24:37.750Z,,,,,,22,26,,
review,,,,,1,,,Review text 146,2025-01-31T17:45:41.785Z,,,,,,12,50,,
review,,,,,1,,,Review text 147,2025-03-19T15:21:48.012Z,,,,,,1,46,,
review,,,,,2,,,Review text 148,2025-01-05T06:06:25.606Z,,,,,,17,31,,
review,,,,,5,,,Review text 149,2025-04-08T13:16:58.019Z,,,,,,8,43,,
review,,,,,1,,,Review text 150,2025-03-01T15:28:33.932Z,,,,,,47,13,,
review,,,,,4,,,Review text 151,2025-04-07T01:11:34.770Z,,,,,,46,40,,
review,,,,,2,,,Review text 152,2025-01-26T23:11:58.058Z,,,,,,47,3,,
review,,,,,4,,,Review text 153,2025-01-09T21:48:38.963Z,,,,,,21,12,,
review,,,,,5,,,Review text 154,2025-02-19T20:12:00.315Z,,,,,,47,31,,
review,,,,,5,,,Review text 155,2025-04-18T09:57:29.560Z,,,,,,21,30,,
review,,,,,2,,,Review text 156,2024-12-30T09:36:19.856Z,,,,,,25,12,,
review,,,,,1,,,Review text 157,2025-03-21T19:22:37.650Z,,,,,,35,48,,
review,,,,,3,,,Review text 158,2025-04-19T07:56:49.230Z,,,,,,42,27,,
review,,,,,4,,,Review text 159,2025-03-15T23:29:17.874Z,,,,,,16,9,,
review,,,,,4,,,Review text 160,2025-03-28T20:41:37.995Z,,,,,,45,48,,
review,,,,,5,,,Review text 161,2025-02-01T22:38:29.579Z,,,,,,38,3,,
review,,,,,5,,,Review text 162,2025-03-17T21:03:05.005Z,,,,,,29,35,,
review,,,,,2,,,Review text 163,2025-02-18T07:06:39.761Z,,,,,,43,38,,
review,,,,,2,,,Review text 164,2025-03-11T22:35:26.163Z,,,,,,18,44,,
review,,,,,5,,,Review text 165,2025-04-10T21:37:19.765Z,,,,,,8,20,,
review,,,,,3,,,Review text 166,2025-02-03T11:45:23.328Z,,,,,,35,35,,
review,,,,,5,,,Review text 167,2025-02-01T16:06:02.899Z,,,,,,39,48,,
review,,,,,2,,,Review text 168,2025-04-01T13:25:17.125Z,,,,,,19,43,,
review,,,,,4,,,Review text 169,2025-01-16T20:48:42.955Z,,,,,,26,12,,
review,,,,,3,,,Review text 170,2025-03-25T07:44:55.016Z,,,,,,15,4,,
review,,,,,2,,,Review text 171,2025-03-03T00:17:05.680Z,,,,,,5,4,,
review,,,,,1,,,Review text 172,2025-03-09T01:16:24.506Z,,,,,,5,23,,
review,,,,,2,,,Review text 173,2025-02-16T21:46:44.595Z,,,,,,2,33,,
review,,,,,4,,,Review text 174,2025-03-16T01:08:08.817Z,,,,,,8,32,,
review,,,,,5,,,Review text 175,2025-03-15T14:38:40.973Z,,,,,,22,27,,
review,,,,,2,,,Review text 176,2025-04-13T20:38:35.461Z,,,,,,6,22,,
review,,,,,4,,,Review text 177,2025-02-11T02:46:17.466Z,,,,,,19,31,,
review,,,,,3,,,Review text 178,2025-01-05T21:37:03.675Z,,,,,,37,36,,
review,,,,,1,,,Review text 179,2025-01-03T18:41:02.630Z,,,,,,14,31,,
review,,,,,3,,,Review text 180,2025-03-13T19:27:16.896Z,,,,,,1,11,,
review,,,,,2,,,Review text 181,2025-01-02T13:13:32.241Z,,,,,,15,44,,
review,,,,,4,,,Review text 182,2025-02-13T12:17:30.430Z,,,,,,48,19,,
review,,,,,3,,,Review text 183,2025-01-29T06:06:31.890Z,,,,,,26,4,,
review,,,,,4,,,Review text 184,2025-01-03T22:38:18.927Z,,,,,,28,10,,
review,,,,,1,,,Review text 185,2025-03-31T12:13:44.342Z,,,,,,39,41,,
review,,,,,5,,,Review text 186,2025-04-18T13:04:04.918Z,,,,,,6,25,,
review,,,,,5,,,Review text 187,2025-04-21T00:53:00.451Z,,,,,,15,15,,
review,,,,,2,,,Review text 188,2025-02-25T12:08:22.773Z,,,,,,48,30,,
review,,,,,4,,,Review text 189,2025-04-11T00:42:06.116Z,,,,,,16,47,,
review,,,,,3,,,Review text 190,2025-03-31T16:06:41.165Z,,,,,,10,2,,
review,,,,,4,,,Review text 191,2025-02-09T16:34:46.632Z,,,,,,47,23,,
review,,,,,3,,,Review text 192,2025-04-18T22:54:36.378Z,,,,,,50,42,,
review,,,,,1,,,Review text 193,2025-03-22T05:41:03.609Z,,,,,,21,31,,
review,,,,,2,,,Review text 194,2025-04-09T21:43:55.311Z,,,,,,5,4,,
review,,,,,4,,,Review text 195,2025-02-13T10:47:14.440Z,,,,,,10,26,,
review,,,,,1,,,Review text 196,2025-04-16T09:47:37.146Z,,,,,,26,34,,
review,,,,,5,,,Review text 197,2025-02-09T18:50:04.142Z,,,,,,26,18,,
review,,,,,5,,,Review text 198,2025-01-22T05:35:17.908Z,,,,,,46,46,,
review,,,,,1,,,Review text 199,2025-03-25T03:54:11.553Z,,,,,,20,16,,
review,,,,,3,,,Review text 200,2025-03-28T13:16:52.799Z,,,,,,37,13,,
review,,,,,1,,,Review text 201,2025-02-19T07:22:10.714Z,,,,,,32,13,,
review,,,,,5,,,Review text 202,2025-03-28T21:20:02.497Z,,,,,,35,45,,
review,,,,,1,,,Review text 203,2025-02-03T20:47:49.787Z,,,,,,21,21,,
review,,,,,1,,,Review text 204,2025-02-13T07:09:22.412Z,,,,,,48,49,,
review,,,,,5,,,Review text 205,2025-01-15T07:43:53.684Z,,,,,,50,15,,
review,,,,,5,,,Review text 206,2025-01-23T03:10:06.639Z,,,,,,27,47,,
review,,,,,4,,,Review text 207,2025-03-23T02:11:48.019Z,,,,,,41,37,,
review,,,,,5,,,Review text 208,2025-04-12T01:16:47.695Z,,,,,,42,5,,
review,,,,,4,,,Review text 209,2025-04-17T09:39:46.459Z,,,,,,27,2,,
review,,,,,1,,,Review text 210,2025-01-17T17:24:15.715Z,,,,,,10,45,,
review,,,,,5,,,Review text 211,2025-02-25T02:20:59.779Z,,,,,,45,42,,
review,,,,,1,,,Review text 212,2025-04-01T12:19:04.656Z,,,,,,37,49,,
review,,,,,1,,,Review text 213,2025-01-17T08:31:15.231Z,,,,,,49,7,,
review,,,,,5,,,Review text 214,2025-03-28T11:17:28.600Z,,,,,,43,37,,
review,,,,,4,,,Review text 215,2025-01-15T16:20:50.882Z,,,,,,26,27,,
review,,,,,5,,,Review text 216,2025-01-16T21:22:09.714Z,,,,,,11,18,,
review,,,,,2,,,Review text 217,2025-03-27T14:22:46.483Z,,,,,,37,44,,
review,,,,,2,,,Review text 218,2025-03-26T12:35:45.833Z,,,,,,4,20,,
review,,,,,3,,,Review text 219,2025-03-20T12:44:43.794Z,,,,,,42,31,,
review,,,,,2,,,Review text 220,2025-03-20T14:10:01.685Z,,,,,,8,26,,
review,,,,,3,,,Review text 221,2025-02-28T22:06:16.637Z,,,,,,40,10,,
review,,,,,2,,,Review text 222,2025-01-14T12:41:43.998Z,,,,,,5,11,,
review,,,,,4,,,Review text 223,2025-03-24T00:46:24.435Z,,,,,,17,13,,
review,,,,,3,,,Review text 224,2025-04-19T16:50:40.003Z,,,,,,12,8,,
review,,,,,3,,,Review text 225,2025-03-07T10:09:29.204Z,,,,,,37,9,,
review,,,,,2,,,Review text 226,2025-04-07T04:57:50.994Z,,,,,,22,6,,
review,,,,,1,,,Review text 227,2025-02-07T15:07:57.072Z,,,,,,26,48,,
review,,,,,3,,,Review text 228,2025-02-12T23:34:26.768Z,,,,,,34,45,,
review,,,,,4,,,Review text 229,2025-01-18T16:56:15.829Z,,,,,,43,37,,
review,,,,,2,,,Review text 230,2025-03-02T20:17:51.217Z,,,,,,41,15,,
review,,,,,5,,,Review text 231,2025-01-17T02:22:22.512Z,,,,,,10,23,,
review,,,,,5,,,Review text 232,2025-02-25T02:46:22.813Z,,,,,,46,23,,
review,,,,,3,,,Review text 233,2025-04-02T08:48:24.987Z,,,,,,11,49,,
review,,,,,2,,,Review text 234,2025-04-18T13:57:11.930Z,,,,,,43,3,,
review,,,,,2,,,Review text 235,2025-04-05T18:19:31.963Z,,,,,,31,16,,
review,,,,,3,,,Review text 236,2025-03-29T13:43:17.544Z,,,,,,18,33,,
review,,,,,5,,,Review text 237,2025-04-22T21:20:52.642Z,,,,,,6,9,,
review,,,,,2,,,Review text 238,2025-03-29T02:57:15.134Z,,,,,,15,40,,
review,,,,,4,,,Review text 239,2025-02-20T01:39:14.397Z,,,,,,34,21,,
review,,,,,2,,,Review text 240,2025-01-27T00:58:15.116Z,,,,,,21,14,,
review,,,,,3,,,Review text 241,2025-03-15T12:17:34.204Z,,,,,,7,41,,
review,,,,,3,,,Review text 242,2025-04-12T19:01:36.844Z,,,,,,34,32,,
review,,,,,5,,,Review text 243,2025-01-07T17:09:08.578Z,,,,,,5,50,,
review,,,,,2,,,Review text 244,2025-01-11T23:45:53.608Z,,,,,,38,10,,
review,,,,,1,,,Review text 245,2025-01-24T08:39:08.848Z,,,,,,21,49,,
review,,,,,1,,,Review text 246,2025-03-24T21:19:41.498Z,,,,,,2,4,,
review,,,,,4,,,Review text 247,2024-12-28T22:44:46.740Z,,,,,,47,8,,
review,,,,,5,,,Review text 248,2025-03-16T11:02:31.039Z,,,,,,9,29,,
review,,,,,4,,,Review text 249,2025-04-05T12:06:46.070Z,,,,,,12,17,,
review,,,,,5,,,Review text 250,2025-03-02T12:19:57.326Z,,,,,,16,29,,
review,,,,,4,,,Review text 251,2025-03-02T17:30:10.066Z,,,,,,27,1,,
review,,,,,2,,,Review text 252,2025-02-20T14:34:07.489Z,,,,,,3,4,,
review,,,,,2,,,Review text 253,2025-04-02T02:37:04.626Z,,,,,,31,23,,
review,,,,,1,,,Review text 254,2025-04-14T04:24:08.939Z,,,,,,49,8,,
review,,,,,2,,,Review text 255,2025-04-06T00:23:00.303Z,,,,,,6,22,,
review,,,,,2,,,Review text 256,2025-01-17T19:57:23.248Z,,,,,,7,19,,
review,,,,,3,,,Review text 257,2025-01-01T07:10:38.155Z,,,,,,33,48,,
review,,,,,1,,,Review text 258,2025-02-05T20:50:34.104Z,,,,,,48,8,,
review,,,,,1,,,Review text 259,2025-02-08T06:02:38.299Z,,,,,,39,11,,
review,,,,,1,,,Review text 260,2025-01-28T17:39:29.031Z,,,,,,7,28,,
review,,,,,2,,,Review text 261,2025-03-08T14:46:46.530Z,,,,,,21,22,,
review,,,,,2,,,Review text 262,2025-03-05T13:52:02.653Z,,,,,,40,50,,
review,,,,,1,,,Review text 263,2025-03-15T01:39:36.162Z,,,,,,32,48,,
review,,,,,5,,,Review text 264,2025-03-03T13:37:31.311Z,,,,,,46,5,,
review,,,,,4,,,Review text 265,2025-03-02T10:55:14.958Z,,,,,,22,22,,
review,,,,,2,,,Review text 266,2025-03-06T00:25:20.687Z,,,,,,23,35,,
review,,,,,1,,,Review text 267,2025-01-28T00:29:29.114Z,,,,,,16,19,,
review,,,,,3,,,Review text 268,2025-03-22T09:18:09.864Z,,,,,,42,13,,
review,,,,,3,,,Review text 269,2025-03-03T15:34:18.138Z,,,,,,14,28,,
review,,,,,2,,,Review text 270,2025-01-17T02:41:22.620Z,,,,,,48,42,,
review,,,,,2,,,Review text 271,2025-01-09T23:54:13.092Z,,,,,,26,20,,
review,,,,,4,,,Review text 272,2025-03-23T20:57:36.659Z,,,,,,19,35,,
review,,,,,1,,,Review text 273,2025-04-01T01:46:09.823Z,,,,,,19,43,,
review,,,,,2,,,Review text 274,2025-02-15T10:29:47.805Z,,,,,,7,41,,
review,,,,,3,,,Review text 275,2025-03-07T03:09:05.712Z,,,,,,8,7,,
review,,,,,3,,,Review text 276,2025-03-28T11:13:58.000Z,,,,,,8,50,,
review,,,,,4,,,Review text 277,2025-01-18T18:28:17.583Z,,,,,,39,33,,
review,,,,,1,,,Review text 278,2025-02-23T16:34:25.620Z,,,,,,39,21,,
review,,,,,5,,,Review text 279,2025-03-21T21:06:31.552Z,,,,,,28,46,,
review,,,,,4,,,Review text 280,2025-02-28T04:15:51.777Z,,,,,,2,32,,
review,,,,,5,,,Review text 281,2025-01-19T17:33:55.300Z,,,,,,36,6,,
review,,,,,1,,,Review text 282,2024-12-30T04:40:23.804Z,,,,,,11,7,,
review,,,,,1,,,Review text 283,2025-03-16T07:18:45.918Z,,,,,,47,12,,
review,,,,,2,,,Review text 284,2025-01-08T13:49:57.125Z,,,,,,43,20,,
review,,,,,4,,,Review text 285,2025-04-03T21:31:35.518Z,,,,,,10,38,,
review,,,,,2,,,Review text 286,2025-01-16T20:12:22.241Z,,,,,,35,7,,
review,,,,,4,,,Review text 287,2025-01-17T10:51:55.183Z,,,,,,6,20,,
review,,,,,2,,,Review text 288,2025-01-27T05:18:50.781Z,,,,,,14,3,,
review,,,,,3,,,Review text 289,2025-02-22T17:17:35.510Z,,,,,,16,22,,
review,,,,,5,,,Review text 290,2025-04-14T20:00:30.940Z,,,,,,27,20,,
review,,,,,4,,,Review text 291,2025-04-02T05:52:24.781Z,,,,,,28,16,,
review,,,,,5,,,Review text 292,2025-02-13T04:35:48.247Z,,,,,,32,48,,
review,,,,,1,,,Review text 293,2025-04-19T10:22:45.847Z,,,,,,14,2,,
review,,,,,4,,,Review text 294,2025-03-23T07:38:42.577Z,,,,,,38,7,,
review,,,,,2,,,Review text 295,2025-03-28T22:18:13.360Z,,,,,,10,49,,
review,,,,,4,,,Review text 296,2025-03-21T03:47:32.785Z,,,,,,28,44,,
review,,,,,1,,,Review text 297,2025-03-13T09:35:49.185Z,,,,,,8,43,,
review,,,,,3,,,Review text 298,2025-04-06T06:01:00.918Z,,,,,,20,3,,
review,,,,,2,,,Review text 299,2025-03-11T07:32:42.963Z,,,,,,1,3,,
review,,,,,2,,,Review text 300,2025-01-20T05:57:29.421Z,,,,,,2,34,,
review,,,,,3,,,Review text 301,2025-03-17T23:51:29.163Z,,,,,,6,32,,
review,,,,,3,,,Review text 302,2025-01-14T13:58:41.845Z,,,,,,6,10,,
review,,,,,3,,,Review text 303,2024-12-29T01:52:15.316Z,,,,,,8,35,,
review,,,,,2,,,Review text 304,2025-02-25T07:52:09.524Z,,,,,,22,42,,
review,,,,,2,,,Review text 305,2025-03-22T14:25:04.816Z,,,,,,19,49,,
review,,,,,3,,,Review text 306,2025-01-26T10:47:05.927Z,,,,,,19,19,,
review,,,,,2,,,Review text 307,2025-01-03T14:55:35.352Z,,,,,,22,44,,
review,,,,,1,,,Review text 308,2025-03-29T11:52:21.100Z,,,,,,8,13,,
review,,,,,5,,,Review text 309,2025-02-21T18:14:53.909Z,,,,,,9,39,,
review,,,,,3,,,Review text 310,2025-02-06T06:21:17.265Z,,,,,,22,10,,
review,,,,,4,,,Review text 311,2025-02-02T02:50:43.614Z,,,,,,40,39,,
review,,,,,1,,,Review text 312,2025-01-21T19:09:28.604Z,,,,,,42,38,,
review,,,,,2,,,Review text 313,2025-03-26T21:35:21.796Z,,,,,,36,49,,
review,,,,,3,,,Review text 314,2025-01-23T22:43:20.972Z,,,,,,9,1,,
review,,,,,2,,,Review text 315,2025-02-02T13:26:22.694Z,,,,,,35,9,,
review,,,,,4,,,Review text 316,2025-02-18T17:11:30.683Z,,,,,,19,49,,
review,,,,,5,,,Review text 317,2025-01-09T21:16:34.384Z,,,,,,20,15,,
review,,,,,3,,,Review text 318,2025-01-19T21:18:35.065Z,,,,,,31,47,,
review,,,,,5,,,Review text 319,2025-03-11T00:28:48.031Z,,,,,,33,16,,
review,,,,,5,,,Review text 320,2025-04-16T17:58:52.699Z,,,,,,15,33,,
review,,,,,3,,,Review text 321,2025-03-11T23:35:33.639Z,,,,,,26,12,,
review,,,,,3,,,Review text 322,2025-01-09T22:01:00.189Z,,,,,,37,33,,
review,,,,,4,,,Review text 323,2025-01-02T00:06:46.596Z,,,,,,47,21,,
review,,,,,1,,,Review text 324,2025-01-06T22:38:28.375Z,,,,,,5,5,,
review,,,,,4,,,Review text 325,2025-01-05T19:55:17.588Z,,,,,,32,9,,
review,,,,,1,,,Review text 326,2025-02-09T02:56:27.776Z,,,,,,42,39,,
review,,,,,3,,,Review text 327,2025-02-08T00:03:55.832Z,,,,,,37,32,,
review,,,,,2,,,Review text 328,2025-04-17T04:46:01.391Z,,,,,,28,31,,
review,,,,,5,,,Review text 329,2025-03-14T07:35:16.712Z,,,,,,48,18,,
review,,,,,2,,,Review text 330,2025-02-01T23:31:56.176Z,,,,,,49,1,,
review,,,,,3,,,Review text 331,2025-01-28T12:59:45.265Z,,,,,,29,49,,
review,,,,,1,,,Review text 332,2025-03-21T17:27:24.298Z,,,,,,44,1,,
review,,,,,1,,,Review text 333,2025-03-07T15:59:27.209Z,,,,,,21,33,,
review,,,,,3,,,Review text 334,2025-03-04T15:14:43.613Z,,,,,,4,46,,
review,,,,,3,,,Review text 335,2025-01-17T11:04:47.051Z,,,,,,35,14,,
review,,,,,2,,,Review text 336,2025-03-05T14:35:26.079Z,,,,,,5,24,,
review,,,,,1,,,Review text 337,2025-03-12T21:36:54.160Z,,,,,,33,20,,
review,,,,,1,,,Review text 338,2025-02-22T08:14:22.657Z,,,,,,3,10,,
review,,,,,4,,,Review text 339,2025-03-02T21:23:47.415Z,,,,,,42,8,,
review,,,,,3,,,Review text 340,2025-02-12T02:59:10.631Z,,,,,,50,10,,
review,,,,,3,,,Review text 341,2025-02-06T06:54:15.193Z,,,,,,31,17,,
review,,,,,4,,,Review text 342,2025-04-07T09:44:51.188Z,,,,,,8,40,,
review,,,,,3,,,Review text 343,2025-03-18T17:39:47.376Z,,,,,,32,23,,
review,,,,,3,,,Review text 344,2025-01-14T12:53:26.085Z,,,,,,10,34,,
review,,,,,5,,,Review text 345,2025-04-20T14:33:00.040Z,,,,,,17,22,,
review,,,,,4,,,Review text 346,2025-04-22T12:57:06.492Z,,,,,,39,3,,
review,,,,,3,,,Review text 347,2025-01-03T00:29:51.663Z,,,,,,11,12,,
review,,,,,5,,,Review text 348,2025-03-14T04:56:35.250Z,,,,,,48,25,,
review,,,,,4,,,Review text 349,2025-03-01T10:54:46.660Z,,,,,,26,48,,
review,,,,,1,,,Review text 350,2025-02-21T23:21:50.516Z,,,,,,49,25,,
review,,,,,1,,,Review text 351,2025-01-27T03:02:37.435Z,,,,,,14,28,,
review,,,,,1,,,Review text 352,2025-01-13T03:11:23.711Z,,,,,,1,38,,
review,,,,,3,,,Review text 353,2025-01-09T00:38:50.142Z,,,,,,39,48,,
review,,,,,3,,,Review text 354,2025-04-10T14:04:39.689Z,,,,,,30,3,,
review,,,,,1,,,Review text 355,2025-02-25T04:15:10.826Z,,,,,,28,29,,
review,,,,,4,,,Review text 356,2025-04-13T06:16:09.859Z,,,,,,45,27,,
review,,,,,5,,,Review text 357,2025-03-11T20:21:55.909Z,,,,,,37,31,,
review,,,,,2,,,Review text 358,2025-04-06T17:18:30.964Z,,,,,,19,49,,
review,,,,,2,,,Review text 359,2025-03-10T13:46:25.983Z,,,,,,23,18,,
review,,,,,2,,,Review text 360,2025-03-14T01:25:20.058Z,,,,,,2,41,,
review,,,,,2,,,Review text 361,2025-01-07T20:49:58.519Z,,,,,,5,29,,
review,,,,,3,,,Review text 362,2025-02-26T08:06:45.079Z,,,,,,23,26,,
review,,,,,1,,,Review text 363,2025-02-02T17:03:43.881Z,,,,,,41,38,,
review,,,,,3,,,Review text 364,2025-01-20T12:32:43.778Z,,,,,,5,14,,
review,,,,,4,,,Review text 365,2025-01-29T05:39:21.186Z,,,,,,15,49,,
review,,,,,5,,,Review text 366,2025-01-19T23:47:28.815Z,,,,,,43,16,,
review,,,,,2,,,Review text 367,2025-02-13T01:45:59.778Z,,,,,,39,34,,
review,,,,,2,,,Review text 368,2025-03-19T17:30:58.973Z,,,,,,15,14,,
review,,,,,2,,,Review text 369,2025-03-19T00:59:50.761Z,,,,,,16,34,,
review,,,,,3,,,Review text 370,2025-01-10T01:01:15.893Z,,,,,,5,50,,
review,,,,,5,,,Review text 371,2025-04-06T03:04:27.496Z,,,,,,1,20,,
review,,,,,5,,,Review text 372,2025-01-15T03:43:02.565Z,,,,,,35,22,,
review,,,,,1,,,Review text 373,2025-04-17T02:08:47.615Z,,,,,,8,47,,
review,,,,,5,,,Review text 374,2025-03-05T12:18:06.420Z,,,,,,22,12,,
review,,,,,5,,,Review text 375,2025-04-18T00:23:42.732Z,,,,,,14,12,,
review,,,,,2,,,Review text 376,2025-02-16T08:18:39.639Z,,,,,,13,25,,
review,,,,,2,,,Review text 377,2025-03-31T08:07:02.103Z,,,,,,20,27,,
review,,,,,3,,,Review text 378,2025-01-01T14:17:58.782Z,,,,,,4,30,,
review,,,,,5,,,Review text 379,2025-04-15T02:56:01.429Z,,,,,,39,25,,
review,,,,,1,,,Review text 380,2024-12-29T10:13:40.908Z,,,,,,13,49,,
review,,,,,5,,,Review text 381,2025-04-14T05:27:57.174Z,,,,,,29,27,,
review,,,,,5,,,Review text 382,2025-04-03T23:21:04.601Z,,,,,,2,27,,
review,,,,,1,,,Review text 383,2025-01-03T13:02:52.139Z,,,,,,39,17,,
review,,,,,5,,,Review text 384,2025-04-11T23:24:12.974Z,,,,,,14,42,,
review,,,,,4,,,Review text 385,2025-03-02T23:16:56.987Z,,,,,,14,4,,
review,,,,,4,,,Review text 386,2025-03-01T21:30:30.934Z,,,,,,18,30,,
review,,,,,4,,,Review text 387,2025-02-12T15:56:20.019Z,,,,,,35,43,,
review,,,,,4,,,Review text 388,2025-03-12T01:52:00.196Z,,,,,,15,38,,
review,,,,,4,,,Review text 389,2025-01-24T22:46:36.422Z,,,,,,24,6,,
review,,,,,4,,,Review text 390,2025-04-02T14:33:15.857Z,,,,,,27,41,,
review,,,,,2,,,Review text 391,2025-03-05T07:31:33.526Z,,,,,,44,46,,
review,,,,,2,,,Review text 392,2025-04-21T16:17:07.922Z,,,,,,2,25,,
review,,,,,3,,,Review text 393,2025-04-03T11:43:38.828Z,,,,,,19,1,,
review,,,,,3,,,Review text 394,2025-01-26T01:40:59.355Z,,,,,,15,13,,
review,,,,,4,,,Review text 395,2025-03-10T02:44:59.112Z,,,,,,33,34,,
review,,,,,2,,,Review text 396,2025-04-12T17:10:48.320Z,,,,,,5,44,,
review,,,,,5,,,Review text 397,2025-01-09T09:10:56.863Z,,,,,,39,12,,
review,,,,,1,,,Review text 398,2025-02-17T14:54:53.043Z,,,,,,37,35,,
review,,,,,5,,,Review text 399,2025-03-07T14:34:20.585Z,,,,,,23,23,,
review,,,,,3,,,Review text 400,2025-03-07T00:07:51.695Z,,,,,,6,44,,
review,,,,,3,,,Review text 401,2025-04-04T08:01:55.268Z,,,,,,38,50,,
review,,,,,3,,,Review text 402,2025-02-07T10:06:07.817Z,,,,,,45,41,,
review,,,,,5,,,Review text 403,2024-12-31T12:28:47.961Z,,,,,,7,36,,
review,,,,,1,,,Review text 404,2025-01-29T02:13:52.896Z,,,,,,31,33,,
review,,,,,5,,,Review text 405,2025-03-29T00:46:21.479Z,,,,,,39,6,,
review,,,,,1,,,Review text 406,2025-01-27T15:38:45.105Z,,,,,,6,32,,
review,,,,,1,,,Review text 407,2025-03-21T03:26:13.108Z,,,,,,49,11,,
review,,,,,4,,,Review text 408,2024-12-31T01:07:00.591Z,,,,,,33,10,,
review,,,,,2,,,Review text 409,2025-01-12T14:08:20.119Z,,,,,,25,6,,
review,,,,,1,,,Review text 410,2025-01-31T02:17:11.197Z,,,,,,7,18,,
review,,,,,5,,,Review text 411,2025-03-01T16:22:40.793Z,,,,,,21,40,,
review,,,,,5,,,Review text 412,2025-03-15T10:35:44.945Z,,,,,,1,41,,
review,,,,,5,,,Review text 413,2025-03-03T23:12:40.008Z,,,,,,2,2,,
review,,,,,2,,,Review text 414,2025-01-09T20:30:20.694Z,,,,,,32,18,,
review,,,,,1,,,Review text 415,2025-01-04T20:17:37.577Z,,,,,,34,12,,
review,,,,,4,,,Review text 416,2025-04-06T12:29:18.909Z,,,,,,19,10,,
review,,,,,3,,,Review text 417,2025-01-13T01:51:55.194Z,,,,,,44,24,,
review,,,,,1,,,Review text 418,2025-02-28T05:52:48.179Z,,,,,,15,46,,
review,,,,,2,,,Review text 419,2025-04-06T04:49:09.873Z,,,,,,7,33,,
review,,,,,4,,,Review text 420,2025-02-26T11:05:04.218Z,,,,,,46,31,,
review,,,,,1,,,Review text 421,2025-04-19T06:07:21.924Z,,,,,,3,39,,
review,,,,,1,,,Review text 422,2025-01-23T14:19:30.928Z,,,,,,25,47,,
review,,,,,1,,,Review text 423,2025-01-03T06:50:58.902Z,,,,,,3,40,,
review,,,,,5,,,Review text 424,2025-04-03T11:28:04.227Z,,,,,,34,15,,
review,,,,,2,,,Review text 425,2025-03-06T18:44:42.340Z,,,,,,26,46,,
review,,,,,2,,,Review text 426,2025-02-25T11:36:43.444Z,,,,,,50,16,,
review,,,,,4,,,Review text 427,2025-03-21T00:00:12.635Z,,,,,,19,19,,
review,,,,,1,,,Review text 428,2025-04-02T11:51:09.685Z,,,,,,24,24,,
review,,,,,4,,,Review text 429,2025-01-23T17:33:48.329Z,,,,,,40,44,,
review,,,,,5,,,Review text 430,2025-04-10T21:54:09.454Z,,,,,,17,13,,
review,,,,,2,,,Review text 431,2025-02-13T21:22:16.503Z,,,,,,6,50,,
review,,,,,4,,,Review text 432,2025-03-02T14:11:50.995Z,,,,,,42,43,,
review,,,,,4,,,Review text 433,2025-01-26T10:53:04.565Z,,,,,,22,42,,
review,,,,,4,,,Review text 434,2025-02-07T21:44:43.061Z,,,,,,9,11,,
review,,,,,4,,,Review text 435,2024-12-29T10:04:22.553Z,,,,,,10,41,,
review,,,,,3,,,Review text 436,2025-02-25T05:16:49.006Z,,,,,,18,28,,
review,,,,,3,,,Review text 437,2025-04-19T08:59:45.246Z,,,,,,24,32,,
review,,,,,2,,,Review text 438,2025-02-28T21:21:28.073Z,,,,,,43,31,,
review,,,,,1,,,Review text 439,2025-02-15T20:05:26.168Z,,,,,,33,12,,
review,,,,,4,,,Review text 440,2024-12-30T05:13:57.050Z,,,,,,42,35,,
review,,,,,4,,,Review text 441,2025-02-01T07:41:19.481Z,,,,,,39,14,,
review,,,,,2,,,Review text 442,2025-01-09T15:25:02.660Z,,,,,,49,47,,
review,,,,,4,,,Review text 443,2025-04-08T10:51:18.615Z,,,,,,11,3,,
review,,,,,4,,,Review text 444,2025-01-11T16:15:59.974Z,,,,,,36,19,,
review,,,,,3,,,Review text 445,2025-02-01T15:23:50.504Z,,,,,,33,38,,
review,,,,,2,,,Review text 446,2025-01-15T04:26:23.656Z,,,,,,22,35,,
review,,,,,5,,,Review text 447,2025-02-23T17:30:41.923Z,,,,,,43,45,,
review,,,,,2,,,Review text 448,2025-01-04T08:27:01.703Z,,,,,,25,21,,
review,,,,,4,,,Review text 449,2024-12-31T12:06:09.769Z,,,,,,44,2,,
review,,,,,2,,,Review text 450,2025-03-31T02:24:57.603Z,,,,,,19,15,,
review,,,,,2,,,Review text 451,2025-02-28T10:07:05.948Z,,,,,,12,39,,
review,,,,,5,,,Review text 452,2025-01-30T19:18:59.808Z,,,,,,31,20,,
review,,,,,4,,,Review text 453,2024-12-30T05:21:07.441Z,,,,,,45,41,,
review,,,,,4,,,Review text 454,2025-04-01T04:32:22.052Z,,,,,,41,41,,
review,,,,,2,,,Review text 455,2025-03-02T03:55:11.189Z,,,,,,32,29,,
review,,,,,5,,,Review text 456,2025-04-04T13:11:36.553Z,,,,,,6,41,,
review,,,,,5,,,Review text 457,2025-03-08T21:36:45.904Z,,,,,,39,36,,
review,,,,,1,,,Review text 458,2025-01-09T03:46:20.944Z,,,,,,33,34,,
review,,,,,4,,,Review text 459,2025-04-03T00:27:35.387Z,,,,,,1,1,,
review,,,,,4,,,Review text 460,2025-04-01T16:03:50.858Z,,,,,,16,38,,
review,,,,,1,,,Review text 461,2024-12-30T16:10:41.307Z,,,,,,36,22,,
review,,,,,2,,,Review text 462,2025-02-20T04:32:28.593Z,,,,,,7,26,,
review,,,,,1,,,Review text 463,2025-03-04T04:10:20.702Z,,,,,,4,46,,
review,,,,,2,,,Review text 464,2025-02-07T13:38:18.613Z,,,,,,28,31,,
review,,,,,5,,,Review text 465,2025-01-07T16:35:06.559Z,,,,,,21,43,,
review,,,,,5,,,Review text 466,2025-03-18T20:07:45.663Z,,,,,,26,23,,
review,,,,,5,,,Review text 467,2025-04-13T22:13:51.591Z,,,,,,19,3,,
review,,,,,1,,,Review text 468,2025-02-28T05:43:51.390Z,,,,,,13,39,,
review,,,,,5,,,Review text 469,2025-04-01T03:54:36.091Z,,,,,,12,9,,
review,,,,,4,,,Review text 470,2025-01-11T08:29:46.001Z,,,,,,38,19,,
review,,,,,2,,,Review text 471,2025-01-10T22:19:37.628Z,,,,,,22,15,,
review,,,,,4,,,Review text 472,2025-04-15T18:32:25.372Z,,,,,,6,29,,
review,,,,,4,,,Review text 473,2025-03-05T15:43:19.169Z,,,,,,38,18,,
review,,,,,3,,,Review text 474,2025-02-20T18:11:16.379Z,,,,,,24,38,,
review,,,,,1,,,Review text 475,2025-02-25T11:12:27.922Z,,,,,,41,32,,
review,,,,,1,,,Review text 476,2025-02-15T03:07:12.691Z,,,,,,10,29,,
review,,,,,1,,,Review text 477,2025-01-22T11:43:35.829Z,,,,,,19,10,,
review,,,,,3,,,Review text 478,2025-01-24T16:11:12.904Z,,,,,,6,41,,
review,,,,,3,,,Review text 479,2025-01-28T13:40:10.992Z,,,,,,18,19,,
review,,,,,4,,,Review text 480,2025-03-01T22:49:31.994Z,,,,,,49,28,,
review,,,,,5,,,Review text 481,2025-02-06T07:05:45.433Z,,,,,,14,33,,
review,,,,,2,,,Review text 482,2025-03-06T11:18:44.169Z,,,,,,40,8,,
review,,,,,4,,,Review text 483,2025-02-26T01:35:44.090Z,,,,,,19,14,,
review,,,,,1,,,Review text 484,2025-04-18T03:11:49.433Z,,,,,,23,29,,
review,,,,,4,,,Review text 485,2025-03-03T13:08:51.235Z,,,,,,25,33,,
review,,,,,3,,,Review text 486,2025-01-13T07:04:13.130Z,,,,,,26,43,,
review,,,,,4,,,Review text 487,2025-03-23T09:10:32.826Z,,,,,,9,22,,
review,,,,,4,,,Review text 488,2025-04-23T11:40:48.166Z,,,,,,32,38,,
review,,,,,1,,,Review text 489,2025-04-21T10:36:37.849Z,,,,,,21,31,,
review,,,,,5,,,Review text 490,2025-03-08T17:18:15.937Z,,,,,,43,10,,
review,,,,,2,,,Review text 491,2025-01-22T21:53:30.260Z,,,,,,35,17,,
review,,,,,1,,,Review text 492,2025-03-18T06:39:35.256Z,,,,,,11,13,,
review,,,,,4,,,Review text 493,2025-01-16T01:02:53.863Z,,,,,,35,28,,
review,,,,,1,,,Review text 494,2025-04-20T08:19:29.751Z,,,,,,45,33,,
review,,,,,4,,,Review text 495,2025-04-21T00:45:47.185Z,,,,,,5,25,,
review,,,,,2,,,Review text 496,2025-03-20T15:51:29.762Z,,,,,,42,17,,
review,,,,,5,,,Review text 497,2025-03-10T10:33:52.276Z,,,,,,7,5,,
review,,,,,4,,,Review text 498,2025-01-10T04:52:29.975Z,,,,,,39,12,,
review,,,,,2,,,Review text 499,2025-03-01T18:57:01.458Z,,,,,,31,42,,
review,,,,,4,,,Review text 500,2025-02-06T10:10:12.803Z,,,,,,26,10,,